Unnamed: 0,fecha,tipo_cliente,sucursal,cod_depto,cod_municipio,cod_categoria,categoria,cod_linea,linea,cod_producto,cantidad,precio_unit,costo_unit,venta,costos
count,299169,299169,299169,299169,299169,299169,299169,299169,299169,299169,299169.0,299169.0,299169.0,299169.0,299169.0
unique,,12,3,25,183,4,4,9,9,60,,,,,
top,,CADENA REGIONAL,CENTRO,05,05001,LA-001,LACTEA,C-1701,CARNES FRIAS,L-1101-01,,,,,
freq,,155417,111113,154870,127915,177223,177223,80271,80271,19131,,,,,
mean,2018-12-04 03:38:11.014109696,,,,,,,,,,3.679669350768295,4994.543002943104,3057.773195971976,18256.273757352876,11170.207116218318
min,2016-01-04 00:00:00,,,,,,,,,,-3.0,1319.76,1062.796514,-25144.02,-22715.96112
25%,2017-11-03 00:00:00,,,,,,,,,,1.0,1917.0,1086.932141,3617.36,2173.847146
50%,2019-01-22 00:00:00,,,,,,,,,,2.0,3573.06,2180.649428,8493.32,4658.985932
75%,2020-03-01 00:00:00,,,,,,,,,,4.0,8493.32,5044.818578,17727.440000000002,10499.798566
max,2020-12-28 00:00:00,,,,,,,,,,699.0,10215.7,8250.0,6605550.0,2728539.633024
std,,,,,,,,,,,7.405033214185162,3109.6596029547736,2256.354509275689,44310.01723118588,27340.31305120428
