fecha,tipo_cliente,sucursal,cod_depto,cod_municipio,cod_categoria,categoria,cod_linea,linea,cod_producto,cantidad,precio_unit,costo_unit,venta,costos
2016-01-04,CADENA REGIONAL,NORTE,05,05001,LA-001,LACTEA,L-1101,LACTEOS,L-1101-01,3,9000.0,3806.826742,27000.0,11420.480226
2016-01-04,HORECAS,SUR,05,05045,LA-001,LACTEA,L-1101,LACTEOS,L-1101-02,3,8500.0,4065.198828,25500.0,12195.596484
2016-01-04,CADENA NACIONAL,CENTRO,05,05088,LA-001,LACTEA,L-1101,LACTEOS,L-1101-03,2,8002.0,4270.552625,16004.0,8541.10525
2016-01-04,CADENA NACIONAL,NORTE,05,05113,LA-001,LACTEA,L-1101,LACTEOS,L-1101-04,2,9287.0,7016.39896,18574.0,14032.79792
2016-01-04,CADENA NACIONAL,SUR,05,05129,LA-001,LACTEA,L-1101,LACTEOS,L-1101-05,3,8752.0,6947.600221,26256.0,20842.800663
2016-01-04,HARD DISCOUNT,CENTRO,05,05138,LA-001,LACTEA,L-1101,LACTEOS,L-1101-06,1,7746.0,5755.989418,7746.0,5755.989418
2016-01-04,HORECAS,NORTE,05,05148,LA-001,LACTEA,L-1101,LACTEOS,L-1101-07,1,7992.0,6641.289913,7992.0,6641.289913
2016-01-04,HORECAS,SUR,05,05154,LA-001,LACTEA,L-1101,LACTEOS,L-1101-08,1,7746.0,7118.062314,7746.0,7118.062314
2016-01-04,CADENA REGIONAL,CENTRO,05,05197,LA-001,LACTEA,L-1101,LACTEOS,L-1101-09,5,7746.0,6784.300279,38730.0,33921.501395
2016-01-04,HORECAS,NORTE,05,05212,LA-001,LACTEA,L-1101,LACTEOS,L-1101-10,2,9287.0,6910.473006,18574.0,13820.946012
2016-01-04,CADENA NACIONAL,SUR,05,05264,LA-001,LACTEA,L-1101,LACTEOS,L-1101-11,1,6000.0,2764.597403,6000.0,2764.597403
2016-01-04,HORECAS,CENTRO,05,05266,LA-001,LACTEA,Q-1202,QUESOS,Q-1202-01,2,8362.0,5758.261217,16724.0,11516.522434
2016-01-04,CADENA REGIONAL,NORTE,05,05308,LA-001,LACTEA,Q-1202,QUESOS,Q-1202-02,5,5000.0,3570.43,25000.0,17852.149999999998
2016-01-04,CADENA REGIONAL,SUR,05,05318,LA-001,LACTEA,Q-1202,QUESOS,Q-1202-03,17,9021.498933,8250.0,153365.481861,140250.0
2016-01-04,CADENA REGIONAL,CENTRO,05,05360,LA-001,LACTEA,Q-1202,QUESOS,Q-1202-04,14,8217.0,7539.2413,115038.0,105549.3782
2016-01-04,CADENA REGIONAL,NORTE,05,05368,LA-001,LACTEA,P-1303,POSTRES Y DULCES,P-1303-01,7,6895.0,2886.46741,48265.0,20205.27187
2016-01-04,CADENA REGIONAL,SUR,05,05376,LA-001,LACTEA,P-1303,POSTRES Y DULCES,P-1303-02,4,8217.0,7571.98704,32868.0,30287.94816
2016-01-04,HORECAS,SUR,05,05380,LA-001,LACTEA,P-1303,POSTRES Y DULCES,P-1303-03,1,8183.0,4537.624369,8183.0,4537.624369
2016-01-04,DISTRIBUIDOR,NORTE,05,05440,LA-001,LACTEA,P-1303,POSTRES Y DULCES,P-1303-04,2,8183.0,4870.299604,16366.0,9740.599208
2016-01-04,CADENA REGIONAL,SUR,05,05541,LA-001,LACTEA,P-1303,POSTRES Y DULCES,P-1303-05,3,8756.0,5041.475267,26268.0,15124.425801
