StockCode,Description,Quantity,InvoiceDate,UnitPrice,Country
85123A,WHITE HANGING HEART T-LIGHT HOLDER,6,2010-12-01 08:26:00,2.55,United Kingdom
71053,WHITE METAL LANTERN,6,2010-12-01 08:26:00,3.39,United Kingdom
84406B,CREAM CUPID HEARTS COAT HANGER,8,2010-12-01 08:26:00,2.75,United Kingdom
84029G,KNITTED UNION FLAG HOT WATER BOTTLE,6,2010-12-01 08:26:00,3.39,United Kingdom
84029E,RED WOOLLY HOTTIE WHITE HEART.,6,2010-12-01 08:26:00,3.39,United Kingdom
22752,SET 7 BABUSHKA NESTING BOXES,2,2010-12-01 08:26:00,7.65,United Kingdom
21730,GLASS STAR FROSTED T-LIGHT HOLDER,6,2010-12-01 08:26:00,4.25,United Kingdom
22633,HAND WARMER UNION JACK,6,2010-12-01 08:28:00,1.85,United Kingdom
22632,HAND WARMER RED POLKA DOT,6,2010-12-01 08:28:00,1.85,United Kingdom
84879,ASSORTED COLOUR BIRD ORNAMENT,32,2010-12-01 08:34:00,1.69,United Kingdom
22745,POPPY'S PLAYHOUSE BEDROOM ,6,2010-12-01 08:34:00,2.1,United Kingdom
22748,POPPY'S PLAYHOUSE KITCHEN,6,2010-12-01 08:34:00,2.1,United Kingdom
22749,FELTCRAFT PRINCESS CHARLOTTE DOLL,8,2010-12-01 08:34:00,3.75,United Kingdom
22310,IVORY KNITTED MUG COSY ,6,2010-12-01 08:34:00,1.65,United Kingdom
84969,BOX OF 6 ASSORTED COLOUR TEASPOONS,6,2010-12-01 08:34:00,4.25,United Kingdom
22623,BOX OF VINTAGE JIGSAW BLOCKS ,3,2010-12-01 08:34:00,4.95,United Kingdom
22622,BOX OF VINTAGE ALPHABET BLOCKS,2,2010-12-01 08:34:00,9.95,United Kingdom
21754,HOME BUILDING BLOCK WORD,3,2010-12-01 08:34:00,5.95,United Kingdom
21755,LOVE BUILDING BLOCK WORD,3,2010-12-01 08:34:00,5.95,United Kingdom
21777,RECIPE BOX WITH METAL HEART,4,2010-12-01 08:34:00,7.95,United Kingdom
