Unnamed: 0,StockCode,Description,Quantity,InvoiceDate,UnitPrice,Country
count,541909,540455,541909.0,541909,541909.0,541909
unique,4070,4223,,,,38
top,85123A,WHITE HANGING HEART T-LIGHT HOLDER,,,,United Kingdom
freq,2313,2369,,,,495478
mean,,,9.55224954743324,2011-07-04 13:34:57.156386048,4.611113626088514,
min,,,-80995.0,2010-12-01 08:26:00,-11062.06,
25%,,,1.0,2011-03-28 11:34:00,1.25,
50%,,,3.0,2011-07-19 17:17:00,2.08,
75%,,,10.0,2011-10-19 11:27:00,4.13,
max,,,80995.0,2011-12-09 12:50:00,38970.0,
std,,,218.08115785023386,,96.75985306117937,
