producto_key,cod_producto,cod_categoria,categoria,cod_linea,linea,precio_ultimo_observado,fecha_precio,nombre_producto,stock
L-1101-03|LA-001|L-1101,L-1101-03,LA-001,LACTEA,L-1101,LACTEOS,8482.12,2020-05-18,,
C-1701-12|CA-001|C-1701,C-1701-12,CA-001,CARNICA,C-1701,CARNES FRIAS,1530.36,2020-05-19,,
C-1701-04|CA-001|C-1701,C-1701-04,CA-001,CARNICA,C-1701,CARNES FRIAS,1899.25,2020-05-19,,
E-1404-07|LA-001|E-1404,E-1404-07,LA-001,LACTEA,E-1404,ESPARCIBLES,4058.25,2020-05-23,,
J-1801-06|BE-001|J-1801,J-1801-06,BE-001,BEBIDAS,J-1801,JUGOS Y REFRESCOS,2268.0,2020-05-23,,
L-1101-09|LA-001|L-1101,L-1101-09,LA-001,LACTEA,L-1101,LACTEOS,8288.220000000001,2020-05-23,,
E-1404-03|LA-001|E-1404,E-1404-03,LA-001,LACTEA,E-1404,ESPARCIBLES,6117.1900000000005,2020-08-07,,
F-1505-05|LA-001|F-1505,F-1505-05,LA-001,LACTEA,F-1505,FIT,8522.85,2020-08-07,,
J-1801-05|BE-001|J-1801,J-1801-05,BE-001,BEBIDAS,J-1801,JUGOS Y REFRESCOS,2530.0,2020-08-07,,
L-1101-02|LA-001|L-1101,L-1101-02,LA-001,LACTEA,L-1101,LACTEOS,8840.0,2020-08-07,,
P-1303-03|LA-001|P-1303,P-1303-03,LA-001,LACTEA,P-1303,POSTRES Y DULCES,8510.32,2020-08-07,,
Q-1202-04|LA-001|Q-1202,Q-1202-04,LA-001,LACTEA,Q-1202,QUESOS,8874.36,2020-08-07,,
F-1505-04|LA-001|F-1505,F-1505-04,LA-001,LACTEA,F-1505,FIT,6227.66,2020-08-26,,
K-1601-03|LA-001|K-1601,K-1601-03,LA-001,LACTEA,K-1601,KIDS,2725.44,2020-09-12,,
P-1303-05|LA-001|P-1303,P-1303-05,LA-001,LACTEA,P-1303,POSTRES Y DULCES,9368.92,2020-09-12,,
P-1303-04|LA-001|P-1303,P-1303-04,LA-001,LACTEA,P-1303,POSTRES Y DULCES,8264.83,2020-09-13,,
J-1801-03|BE-001|J-1801,J-1801-03,BE-001,BEBIDAS,J-1801,JUGOS Y REFRESCOS,1319.76,2020-09-14,,
F-1505-03|LA-001|F-1505,F-1505-03,LA-001,LACTEA,F-1505,FIT,6782.6,2020-09-14,,
C-1701-02|CA-001|C-1701,C-1701-02,CA-001,CARNICA,C-1701,CARNES FRIAS,2805.6,2020-09-15,,
C-1701-09|CA-001|C-1701,C-1701-09,CA-001,CARNICA,C-1701,CARNES FRIAS,1460.16,2020-09-18,,
C-1701-06|CA-001|C-1701,C-1701-06,CA-001,CARNICA,C-1701,CARNES FRIAS,1460.16,2020-09-18,,
C-1701-08|CA-001|C-1701,C-1701-08,CA-001,CARNICA,C-1701,CARNES FRIAS,1474.2,2020-09-19,,
C-1701-11|CA-001|C-1701,C-1701-11,CA-001,CARNICA,C-1701,CARNES FRIAS,1502.2800000000002,2020-09-20,,
C-1701-10|CA-001|C-1701,C-1701-10,CA-001,CARNICA,C-1701,CARNES FRIAS,1432.08,2020-09-21,,
C-1701-07|CA-001|C-1701,C-1701-07,CA-001,CARNICA,C-1701,CARNES FRIAS,1418.04,2020-09-21,,
K-1601-01|LA-001|K-1601,K-1601-01,LA-001,LACTEA,K-1601,KIDS,6668.55,2020-09-21,,
L-1101-08|LA-001|L-1101,L-1101-08,LA-001,LACTEA,L-1101,LACTEOS,8133.3,2020-09-22,,
H-1901-04|HE-001|H-1901,H-1901-04,HE-001,HELADO,H-1901,HELADOS,2659.7732265000004,2020-09-22,,
H-1901-02|HE-001|H-1901,H-1901-02,HE-001,HELADO,H-1901,HELADOS,3279.8100000000004,2020-09-25,,
L-1101-10|LA-001|L-1101,L-1101-10,LA-001,LACTEA,L-1101,LACTEOS,10122.83,2020-09-25,,
P-1303-01|LA-001|P-1303,P-1303-01,LA-001,LACTEA,P-1303,POSTRES Y DULCES,7446.6,2020-09-26,,
H-1901-01|HE-001|H-1901,H-1901-01,HE-001,HELADO,H-1901,HELADOS,2565.0,2020-09-27,,
F-1505-06|LA-001|F-1505,F-1505-06,LA-001,LACTEA,F-1505,FIT,4100.43,2020-09-28,,
L-1101-11|LA-001|L-1101,L-1101-11,LA-001,LACTEA,L-1101,LACTEOS,6420.0,2020-10-01,,
E-1404-04|LA-001|E-1404,E-1404-04,LA-001,LACTEA,E-1404,ESPARCIBLES,8352.800000000001,2020-10-02,,
E-1404-06|LA-001|E-1404,E-1404-06,LA-001,LACTEA,E-1404,ESPARCIBLES,6467.03,2020-10-03,,
E-1404-05|LA-001|E-1404,E-1404-05,LA-001,LACTEA,E-1404,ESPARCIBLES,3405.24,2020-10-04,,
H-1901-03|HE-001|H-1901,H-1901-03,HE-001,HELADO,H-1901,HELADOS,2654.51853336,2020-10-05,,
Q-1202-03|LA-001|Q-1202,Q-1202-03,LA-001,LACTEA,Q-1202,QUESOS,8750.853965010001,2020-10-05,,
F-1505-02|LA-001|F-1505,F-1505-02,LA-001,LACTEA,F-1505,FIT,9410.65,2020-10-05,,
L-1101-04|LA-001|L-1101,L-1101-04,LA-001,LACTEA,L-1101,LACTEOS,9751.35,2020-10-08,,
H-1901-05|HE-001|H-1901,H-1901-05,HE-001,HELADO,H-1901,HELADOS,2584.402347738001,2020-10-08,,
L-1101-05|LA-001|L-1101,L-1101-05,LA-001,LACTEA,L-1101,LACTEOS,9539.68,2020-10-09,,
L-1101-06|LA-001|L-1101,L-1101-06,LA-001,LACTEA,L-1101,LACTEOS,8288.220000000001,2020-10-10,,
Q-1202-02|LA-001|Q-1202,Q-1202-02,LA-001,LACTEA,Q-1202,QUESOS,5050.0,2020-10-11,,
F-1505-01|LA-001|F-1505,F-1505-01,LA-001,LACTEA,F-1505,FIT,7467.59,2020-10-16,,
L-1101-07|LA-001|L-1101,L-1101-07,LA-001,LACTEA,L-1101,LACTEOS,8791.2,2020-10-16,,
J-1801-02|BE-001|J-1801,J-1801-02,BE-001,BEBIDAS,J-1801,JUGOS Y REFRESCOS,1502.2800000000002,2020-10-17,,
J-1801-01|BE-001|J-1801,J-1801-01,BE-001,BEBIDAS,J-1801,JUGOS Y REFRESCOS,1934.75,2020-10-18,,
H-1901-06|HE-001|H-1901,H-1901-06,HE-001,HELADO,H-1901,HELADOS,2608.1124610200004,2020-10-18,,
L-1101-01|LA-001|L-1101,L-1101-01,LA-001,LACTEA,L-1101,LACTEOS,9630.0,2020-12-28,,
C-1701-03|CA-001|C-1701,C-1701-03,CA-001,CARNICA,C-1701,CARNES FRIAS,1881.5,2020-12-28,,
J-1801-04|BE-001|J-1801,J-1801-04,BE-001,BEBIDAS,J-1801,JUGOS Y REFRESCOS,2824.5,2020-12-28,,
K-1601-02|LA-001|K-1601,K-1601-02,LA-001,LACTEA,K-1601,KIDS,1808.68,2020-12-28,,
E-1404-02|LA-001|E-1404,E-1404-02,LA-001,LACTEA,E-1404,ESPARCIBLES,3573.06,2020-12-28,,
Q-1202-01|LA-001|Q-1202,Q-1202-01,LA-001,LACTEA,Q-1202,QUESOS,8612.86,2020-12-28,,
C-1701-01|CA-001|C-1701,C-1701-01,CA-001,CARNICA,C-1701,CARNES FRIAS,2885.76,2020-12-28,,
C-1701-05|CA-001|C-1701,C-1701-05,CA-001,CARNICA,C-1701,CARNES FRIAS,1792.75,2020-12-28,,
P-1303-02|LA-001|P-1303,P-1303-02,LA-001,LACTEA,P-1303,POSTRES Y DULCES,7723.98,2020-12-28,,
E-1404-01|LA-001|E-1404,E-1404-01,LA-001,LACTEA,E-1404,ESPARCIBLES,8843.56,2020-12-28,,
