mes,categoria,sucursal,venta,costos,utilidad,cantidad,margen
2016-01,BEBIDAS,NORTE,1081491.0,607672.013394,473818.986606,547,0.4381164398094852
2016-01,BEBIDAS,SUR,52356.0,32422.668502,19933.331498,29,0.3807267839025136
2016-01,CARNICA,NORTE,2072578.0,1335682.671016,736895.328984,1214,0.35554528176213396
2016-01,CARNICA,SUR,454925.0,296219.518305,158705.481695,267,0.3488607609935704
2016-01,HELADO,NORTE,2439028.3354236,1019159.843229,1419868.4921946,928,0.5821451401662389
2016-01,HELADO,SUR,120982.5408054,52740.606038,68241.9347674,48,0.5640643212905151
2016-01,LACTEA,CENTRO,194242.0,165284.496697,28957.503302999994,24,0.1490795157741374
2016-01,LACTEA,NORTE,21059707.91464,14104103.367047,6955604.547593,3021,0.3302802002661062
2016-01,LACTEA,SUR,2984261.471191,1976782.012742,1007479.458449,464,0.3375975825760741
2016-02,BEBIDAS,NORTE,1484942.0,787536.125945,697405.874055,711,0.46965192852986853
2016-02,CARNICA,NORTE,7225315.0,4804117.507211,2421197.492789,4357,0.335099229969766
2016-02,HELADO,NORTE,2468576.061714,1047252.6935159999,1421323.3681980001,955,0.5757664875074322
2016-02,LACTEA,NORTE,30044848.88263,19879152.997267,10165695.885363,4292,0.3383507078060276
2016-03,BEBIDAS,NORTE,1533081.0,824974.899673,708106.100327,747,0.4618843363964461
2016-03,CARNICA,NORTE,5464401.0,3498624.515925,1965776.484075,3178,0.35974235493972717
2016-03,HELADO,NORTE,1778289.095043,764860.239593,1013428.85545,700,0.5698898217814774
2016-03,LACTEA,NORTE,33962885.884764,22218847.939398002,11744037.945366,4766,0.34579034258789126
2016-04,BEBIDAS,NORTE,1551726.0,988697.563444,563028.436556,882,0.36284011259462046
2016-04,BEBIDAS,SUR,152094.0,83526.532647,68567.467353,75,0.45082296049153814
2016-04,CARNICA,NORTE,5337536.0,3506268.850127,1831267.1498729999,3177,0.34309223392085786
2016-04,CARNICA,SUR,161471.0,117589.860375,43881.139624999996,106,0.27175864164462965
2016-04,HELADO,NORTE,1603621.8454014,672465.82742,931156.0179814,615,0.5806581025642762
2016-04,HELADO,SUR,238727.7536844,95211.201235,143516.55244939998,86,0.6011724662693807
2016-04,LACTEA,NORTE,30506634.347419,20818948.211868,9687686.135551,4462,0.3175599781091755
2016-04,LACTEA,SUR,1576577.494665,1036340.155614,540237.339051,228,0.34266462693975763
2016-05,BEBIDAS,SUR,1523875.0,882883.656803,640991.343197,799,0.42063249492051513
2016-05,CARNICA,SUR,6222720.0,3949890.037895,2272829.962105,3590,0.3652470241478003
2016-05,HELADO,SUR,2432293.57836,1036275.060577,1396018.5177830001,945,0.5739514876836046
2016-05,LACTEA,SUR,38690768.889032,25476217.400307,13214551.488725,5558,0.341542746969576
2016-06,BEBIDAS,SUR,1073803.0,610844.913179,462958.086821,550,0.43113875340355723
2016-06,CARNICA,SUR,5890502.0,3822499.5933230002,2068002.406677,3464,0.35107405220760474
2016-06,HELADO,SUR,3671325.5881134,1649674.551237,2021651.0368764,1471,0.550659697255365
2016-06,LACTEA,SUR,31651165.326079,21159417.375582,10491747.950497,4486,0.3314806214055037
2016-07,BEBIDAS,SUR,3382522.0,1711488.982116,1671033.017884,1552,0.494019852016927
2016-07,CARNICA,SUR,6344317.0,4068641.67993,2275675.32007,3689,0.3586950841311996
2016-07,HELADO,SUR,2745247.5571398,1165801.350534,1579446.2066058,1060,0.5753383524549541
2016-07,LACTEA,SUR,42431414.632952,29453151.556622,12978263.07633,6192,0.3058644918769961
2016-08,BEBIDAS,CENTRO,2138412.0,1202507.688941,935904.311059,1090,0.43766323377300537
2016-08,BEBIDAS,SUR,43761.0,25237.873858,18523.126142,23,0.4232793158748658
2016-08,CARNICA,CENTRO,10024213.0,6520377.274079,3503835.725921,5903,0.34953723807754283
2016-08,CARNICA,SUR,332592.0,156899.487758,175692.512242,144,0.5282523699968731
2016-08,HELADO,CENTRO,3054280.2994398,1304312.468254,1749967.8311858,1198,0.5729558716358711
2016-08,HELADO,SUR,65377.357126200004,28423.455320999998,36953.9018052,26,0.565240068268081
2016-08,LACTEA,CENTRO,46829838.366625,31571875.054996,15257963.311629,6740,0.32581712523063383
2016-08,LACTEA,SUR,1551235.496799,1065406.054404,485829.44239499996,210,0.3131887088694895
2016-09,BEBIDAS,CENTRO,2826542.0,1590667.108486,1235874.891514,1441,0.4372391747633681
2016-09,CARNICA,CENTRO,6661127.0,4267875.486282,2393251.5137179997,3870,0.3592862759887328
2016-09,HELADO,CENTRO,3005714.6026164,1277943.258858,1727771.3437584,1171,0.5748288085150925
2016-09,LACTEA,CENTRO,55395742.242853,37232642.232602,18163100.010251,7970,0.3278789898802078
2016-10,BEBIDAS,CENTRO,2235722.0,1254754.51371,980967.48629,1132,0.43876988565215175
2016-10,CARNICA,CENTRO,9854468.0,6305215.65405,3549252.34595,5718,0.3601668142765292
2016-10,HELADO,CENTRO,3317585.0128458003,1403242.424294,1914342.5885518,1285,0.5770289476047792
2016-10,LACTEA,CENTRO,45644204.86129,30550522.858085,15093682.003205,6544,0.33068123432260005
2016-11,BEBIDAS,CENTRO,662692.0,395569.60184,267122.39816,357,0.4030868007460479
2016-11,BEBIDAS,NORTE,106788.0,58676.629530000006,48111.370469999994,53,0.4505316184402741
2016-11,BEBIDAS,SUR,2423421.0,1222306.5413870001,1201114.4586129999,1111,0.49562765141219783
2016-11,CARNICA,CENTRO,1684998.0,1039793.904213,645204.095787,944,0.38291089709720727
2016-11,CARNICA,NORTE,205039.0,141412.589274,63626.410726,128,0.3103136999595199
2016-11,CARNICA,SUR,5535064.0,3629808.5276740002,1905255.472326,3286,0.34421561743929247
2016-11,HELADO,CENTRO,1063509.7878024,459453.950047,604055.8377554,422,0.567983336574269
2016-11,HELADO,NORTE,282480.9351564,121440.483695,161040.45146140002,113,0.5700931688442529
2016-11,HELADO,SUR,2738844.8106102,1148923.324418,1589921.4861922,1041,0.5805080594683181
2016-11,LACTEA,CENTRO,15452294.940248,10485720.419816,4966574.520432,2217,0.32141339132064806
2016-11,LACTEA,NORTE,3218247.462655,2202081.29303,1016166.169625,454,0.3157514086212252
2016-11,LACTEA,SUR,36263228.206575,24957423.030819,11305805.175756,5257,0.31177051064930034
2016-12,BEBIDAS,NORTE,3155441.0,1755592.6002520001,1399848.3997479999,1590,0.44363003451752064
2016-12,BEBIDAS,SUR,124041.0,72538.837085,51502.162915,65,0.41520273873154845
2016-12,CARNICA,NORTE,9341946.0,5988743.20465,3353202.79535,5424,0.35894050290485513
2016-12,CARNICA,SUR,332632.0,194232.791528,138399.208472,178,0.4160730430986796
2016-12,HELADO,NORTE,3658033.8753522,1556804.823795,2101229.0515572,1424,0.5744148696148669
2016-12,HELADO,SUR,234901.2586998,100633.932832,134267.3258678,92,0.5715904913025242
2016-12,LACTEA,NORTE,65926100.168163,44095989.173305,21830110.994858,9532,0.33113002193629204
2016-12,LACTEA,SUR,2278335.974392,1569150.477804,709185.496588,326,0.3112734489377732
2017-01,BEBIDAS,NORTE,1534559.24,821803.123879,712756.116121,741,0.4644695998318058
2017-01,CARNICA,NORTE,6103293.600000001,3827177.057889,2276116.542111,3472,0.37293250026690505
2017-01,HELADO,NORTE,2083029.1440204303,852633.243516,1230395.9005044303,783,0.5906762773993922
2017-01,LACTEA,NORTE,38730986.68031682,24790912.115148,13940074.565168822,5387,0.35992046059216976
2017-02,BEBIDAS,NORTE,2173119.36,1104816.780588,1068302.579412,999,0.4915986664496883
2017-02,CARNICA,NORTE,8138373.4,5133195.463497,3005177.936503,4650,0.3692602672301814
2017-02,HELADO,NORTE,2503262.3554851483,1029625.858042,1473636.4974431482,940,0.588686397258408
2017-02,LACTEA,NORTE,42576584.555089094,28010555.32741,14566029.227679092,5798,0.34211361432320536
2017-03,BEBIDAS,SUR,2432023.96,1320330.867537,1111693.092463,1203,0.4571061431742638
2017-03,CARNICA,NORTE,666364.77,401387.481927,264977.28807300003,365,0.3976460041142331
2017-03,CARNICA,SUR,7211402.0600000005,4581380.147657,2630021.912343,4147,0.3647032699689746
2017-03,HELADO,SUR,2762458.8818470323,1120478.429824,1641980.4520230321,1025,0.5943909112323774
2017-03,LACTEA,SUR,48679853.06223761,31412318.801891,17267534.26034661,6598,0.3547162362686247
2017-04,BEBIDAS,SUR,3680910.16,1796624.4092940001,1884285.750706,1628,0.5119075632929873
2017-04,CARNICA,SUR,4882417.36,2989914.489868,1892502.8701320002,2714,0.38761595549709416
2017-04,HELADO,SUR,1726846.78853496,708360.501099,1018486.2874359601,645,0.5897953971353961
2017-04,LACTEA,SUR,53791560.808376215,34764212.465671,19027348.342705213,7325,0.353723670716436
2017-05,BEBIDAS,CENTRO,4080387.6,1933860.2540850001,2146527.345915,1754,0.5260596679381635
2017-05,BEBIDAS,SUR,2606352.0,1235733.521779,1370618.478221,1124,0.5258761971602454
2017-05,CARNICA,CENTRO,2319307.77,1176879.115866,1142428.6541340002,1092,0.4925731155266212
2017-05,LACTEA,CENTRO,56575821.27,33797611.742509,22778209.527491003,7692,0.4026138554628356
2017-05,LACTEA,SUR,36252535.190000005,21737038.278529,14515496.911471002,5009,0.40039949855631046
2017-06,BEBIDAS,CENTRO,4410568.8,2140135.219834,2270433.580166,1936,0.5147711515498863
2017-06,CARNICA,CENTRO,5219247.98,2669294.654252,2549953.3257480003,2477,0.488567191196767
2017-06,LACTEA,CENTRO,67997438.66,41187364.154453,26810074.505547002,9491,0.39428065282874
2017-07,BEBIDAS,CENTRO,4757932.2,2228320.032605,2529612.1673950003,2023,0.5316620878698104
2017-07,CARNICA,CENTRO,3827185.9400000004,1917649.964983,1909535.9750170002,1779,0.49893995352026194
2017-07,LACTEA,CENTRO,77008745.74000001,45698620.481306,31310125.258694004,10664,0.4065788237144453
2017-08,BEBIDAS,CENTRO,5599140.0,2690240.4675930003,2908899.532407,2438,0.5195261294425573
2017-08,BEBIDAS,SUR,100163.8,46136.011210000004,54027.788790000006,42,0.5393943599384209
2017-08,CARNICA,CENTRO,5208545.8100000005,2609744.904918,2598800.9050820004,2420,0.49894941887474736
2017-08,CARNICA,SUR,72693.14,35595.552602,37097.587398,33,0.5103313379776965
2017-08,LACTEA,CENTRO,81590195.62,48809575.160949,32780620.459051006,11400,0.40177156348201687
2017-08,LACTEA,SUR,2610816.0700000003,1493776.839502,1117039.2304980003,383,0.4278506032399288
2017-09,BEBIDAS,NORTE,1744811.2000000002,764049.849794,980761.350206,697,0.5621017048755762
2017-09,BEBIDAS,SUR,2042622.6,994474.740751,1048147.859249,900,0.5131382856769527
2017-09,CARNICA,CENTRO,961570.7500000001,536144.535577,425426.2144230001,497,0.44242840625403806
2017-09,CARNICA,NORTE,6259042.630000001,3462855.982855,2796186.6471450008,3210,0.44674350574682065
2017-09,CARNICA,SUR,2438670.6900000004,1247308.012671,1191362.677329,1157,0.4885295428424573
2017-09,LACTEA,NORTE,11470779.600000001,6732099.707549,4738679.892451,1526,0.41310879100588765
2017-09,LACTEA,SUR,42108977.28,25163579.294119,16945397.985881,5772,0.4024177047379717
2017-10,BEBIDAS,NORTE,8950275.600000001,3539985.744778,5410289.855222001,3262,0.6044830457759311
2017-10,LACTEA,NORTE,66840179.88,37951457.152802,28888722.727198,9999,0.43220593928775647
2017-11,BEBIDAS,NORTE,1709650.8,1283340.411855,426310.388145,1107,0.2493552415177415
2017-11,CARNICA,NORTE,3695969.88,1751713.064951,1944256.815049,1598,0.5260477975131659
2017-11,LACTEA,NORTE,81080507.86,43032124.167822,38048383.692178,11427,0.4692667164576145
2017-12,CARNICA,NORTE,2031924.96,1567156.00009,464768.9599100001,1409,0.22873332876918845
2017-12,CARNICA,SUR,3626082.72,2846082.278557,780000.441443,2549,0.21510828673070093
2017-12,HELADO,CENTRO,3099.27,1086.923573,2012.346427,1,0.6492969076589004
2017-12,HELADO,SUR,8981171.805885,3495854.737512,5485317.068373,3174,0.6107573919005417
2017-12,LACTEA,SUR,54191053.53,30555989.621993,23635063.908007003,8563,0.43614328137988134
2018-01,BEBIDAS,SUR,4339910.66,2903118.895201,1436791.7647990002,2688,0.3310648253756911
2018-01,CARNICA,SUR,173689.19,92574.834973,81114.35502700001,86,0.46700865509822465
2018-01,HELADO,SUR,5540910.457339945,2314729.151968,3226181.305371945,2131,0.5822475079160104
2018-01,LACTEA,SUR,77734998.67156856,55394416.670611,22340582.000957564,10064,0.2873941259759562
2018-02,BEBIDAS,CENTRO,4065666.0000000005,1491091.481706,2574574.5182940005,1374,0.6332479151740453
2018-02,BEBIDAS,SUR,1352263.0000000002,495945.274483,856317.7255170002,457,0.6332479151740453
2018-02,CARNICA,CENTRO,9756219.51,5029167.809235,4727051.700765001,4669,0.4845167429781416
2018-02,CARNICA,SUR,2831415.58,1440434.083759,1390981.4962410002,1336,0.4912671619335372
2018-02,LACTEA,CENTRO,59166743.980000004,39711042.976381004,19455701.003619,8777,0.32882831967558607
2018-02,LACTEA,SUR,20220029.18,12584197.579216,7635831.600784,3040,0.37763702182669157
2018-03,BEBIDAS,CENTRO,6364809.000000001,2334306.970269,4030502.0297310012,2151,0.6332479151740454
2018-03,CARNICA,CENTRO,11828503.9,5987961.422696,5840542.477304,5552,0.4937684872643953
2018-03,LACTEA,CENTRO,82673190.87,52044077.354813,30629113.515187003,12103,0.3704842306540454
2018-04,BEBIDAS,CENTRO,5346913.000000001,1960991.490133,3385921.509867001,1807,0.6332479151740453
2018-04,CARNICA,CENTRO,12091806.72,6131112.437904,5960694.282096,5687,0.4929531558122689
2018-04,LACTEA,CENTRO,70728668.89,46006946.115775,24721722.774225,10739,0.34952902637929173
2018-05,BEBIDAS,CENTRO,861069.0000000001,315798.850929,545270.1490710002,291,0.6332479151740454
2018-05,BEBIDAS,NORTE,2038751.0000000002,747716.179691,1291034.8203090003,689,0.6332479151740453
2018-05,BEBIDAS,SUR,2621674.0000000005,961504.405234,1660169.5947660005,886,0.6332479151740453
2018-05,CARNICA,CENTRO,2321871.5,1163568.78511,1158302.7148900002,1079,0.49886598586097475
2018-05,CARNICA,NORTE,4329577.25,2156768.45439,2172808.7956100004,2000,0.5018524142536088
2018-05,CARNICA,SUR,5248666.13,2691657.958816,2557008.171184,2497,0.48717295172745156
2018-05,LACTEA,CENTRO,14372282.59,9419502.098503,4952780.491497001,2113,0.3446063950164092
2018-05,LACTEA,NORTE,28714695.21,18885931.003504,9828764.206496,4399,0.3422903894544246
2018-05,LACTEA,SUR,33204641.03,21784210.590071,11420430.439929001,4829,0.343940789168923
2018-06,BEBIDAS,NORTE,6891511.000000001,2527476.0268510003,4364034.973149001,2329,0.6332479151740453
2018-06,CARNICA,NORTE,11919169.34,6072305.222715,5846864.117285001,5634,0.4905429187639179
2018-06,LACTEA,NORTE,68557795.93,44317978.820402004,24239817.109598003,10793,0.3535676253995641
2018-07,BEBIDAS,NORTE,3754971.0000000005,1377143.442711,2377827.5572890006,1269,0.6332479151740453
2018-07,BEBIDAS,SUR,3686914.0000000005,1352183.396074,2334730.6039260007,1246,0.6332479151740453
2018-07,CARNICA,NORTE,8361143.300000001,4254634.518116,4106508.7818840006,3948,0.4911420166526748
2018-07,CARNICA,SUR,8049432.15,4078834.445325,3970597.7046750006,3785,0.4932767468168547
2018-07,LACTEA,NORTE,47635762.28,31553427.834086,16082334.445914,7095,0.33761051941150966
2018-07,LACTEA,SUR,46128505.02,29415255.623991,16713249.396009,7028,0.362319337874978
2018-08,BEBIDAS,CENTRO,1627450.0000000002,596870.68045,1030579.3195500002,550,0.6332479151740453
2018-08,BEBIDAS,SUR,6509800.000000001,2387482.7218,4122317.278200001,2200,0.6332479151740453
2018-08,CARNICA,CENTRO,3565492.2600000002,1803907.192538,1761585.0674620003,1674,0.4940650375895081
2018-08,CARNICA,SUR,13184652.040000001,6659055.35738,6525596.682620001,6175,0.4949388624608709
2018-08,LACTEA,CENTRO,22474453.560000002,14949842.390674,7524611.169326001,3474,0.3348073023994805
2018-08,LACTEA,SUR,86482682.43,56144201.17982,30338481.250180002,13309,0.3508041193650103
2018-09,BEBIDAS,CENTRO,5320282.000000001,1951224.515362,3369057.484638001,1798,0.6332479151740453
2018-09,CARNICA,CENTRO,12777735.270000001,6503174.502194,6274560.767806001,6033,0.4910542154162191
2018-09,LACTEA,CENTRO,81702933.12,52192759.065487,29510174.054513004,12282,0.361188673742843
2018-10,BEBIDAS,CENTRO,7181493.000000001,2633827.529913,4547665.470087001,2427,0.6332479151740453
2018-10,CARNICA,CENTRO,14341684.430000002,7319885.8212170005,7021798.608783001,6790,0.48960766380375587
2018-10,LACTEA,CENTRO,90193716.10000001,58945618.201672,31248097.898328003,13661,0.34645537682117966
2018-11,BEBIDAS,CENTRO,816684.0000000001,299520.559644,517163.44035600015,276,0.6332479151740453
2018-11,BEBIDAS,NORTE,3358465.0000000005,1231724.040565,2126740.9594350006,1135,0.6332479151740453
2018-11,BEBIDAS,SUR,2589125.0000000005,949566.991625,1639558.0083750004,875,0.6332479151740453
2018-11,CARNICA,CENTRO,1938067.1300000001,983564.063894,954503.0661060001,912,0.4925025822536911
2018-11,CARNICA,NORTE,6323211.880000001,3201898.621963,3121313.2580370004,2970,0.49362781404013306
2018-11,CARNICA,SUR,5782062.94,2922478.404863,2859584.5351370005,2710,0.49456129495833545
2018-11,LACTEA,CENTRO,12073913.69,7909606.831817,4164306.8581830002,1908,0.3449011617195849
2018-11,LACTEA,NORTE,42311886.92,26899066.489946,15412820.430054002,6322,0.3642669129645613
2018-11,LACTEA,SUR,34558152.86,22398588.941174,12159563.918826,5228,0.3518580396378859
2018-12,BEBIDAS,NORTE,7323525.000000001,2685918.062025,4637606.9379750015,2475,0.6332479151740454
2018-12,CARNICA,NORTE,15042946.590000002,7597284.002252,7445662.587748,7046,0.49496038181094143
2018-12,LACTEA,NORTE,90054778.82000001,58217824.315876,31836954.504124,13672,0.3535287623964873
2019-01,BEBIDAS,NORTE,2195255.2,876857.290552,1318397.9094480001,808,0.6005670363281681
2019-01,BEBIDAS,SUR,2553886.0,1020106.25386,1533779.74614,940,0.6005670363281681
2019-01,CARNICA,NORTE,5549554.56,2777201.037137,2772353.5228629997,2576,0.49956325194917983
2019-01,CARNICA,SUR,5451970.54,2757185.069958,2694785.470042,2558,0.4942773351893424
2019-01,LACTEA,NORTE,25922478.2,16402315.139531,9520163.060469,3952,0.3672551284263015
2019-01,LACTEA,SUR,34421584.980000004,21906312.521458,12515272.458542,5030,0.363587919202842
2019-02,BEBIDAS,SUR,4186742.9,1672323.1246790001,2514419.7753210003,1541,0.6005670363281682
2019-02,CARNICA,SUR,9140127.77,4663080.081026,4477047.688974,4325,0.4898233155633447
2019-02,LACTEA,SUR,58444576.56,36938214.219464004,21506362.340536002,8559,0.36797875194556806
2019-03,BEBIDAS,SUR,5015397.4,2003315.0474740001,3012082.3525260002,1846,0.6005670363281681
2019-03,CARNICA,SUR,11942161.75,6029373.208798,5912788.541201999,5591,0.49511877874221555
2019-03,LACTEA,CENTRO,5504.48,3345.395911,2159.084089,2,0.3922412451312386
2019-03,LACTEA,SUR,83345814.68,52367222.728381,30978591.951619003,11834,0.37168743350291766
2019-04,BEBIDAS,CENTRO,5384895.8,2150904.888458,3233990.9115420002,1982,0.6005670363281682
2019-04,BEBIDAS,SUR,877558.7,350525.87233700004,527032.827663,323,0.6005670363281681
2019-04,CARNICA,CENTRO,12377561.98,6310057.627603,6067504.3523969995,5853,0.4902018961570168
2019-04,CARNICA,SUR,1436618.96,750111.7276699999,686507.23233,697,0.47786312964295
2019-04,LACTEA,CENTRO,72317649.34,45467801.590329,26849847.749671,10706,0.3712765555118775
2019-04,LACTEA,SUR,16330004.98,8808610.845123,7521394.134877,2062,0.4605873754532682
2019-05,BEBIDAS,CENTRO,5490854.9,2193228.445799,3297626.4542010003,2021,0.6005670363281681
2019-05,BEBIDAS,SUR,339612.5,135652.427375,203960.07262500003,125,0.6005670363281682
2019-05,CARNICA,CENTRO,14316149.049999999,7210183.142818,7105965.907182,6686,0.49636015120854027
2019-05,CARNICA,SUR,613505.0599999999,311667.171905,301837.888095,289,0.49198923981979875
2019-05,LACTEA,CENTRO,97806899.52,60731853.61513,37075045.90487,14160,0.3790637070270153
2019-05,LACTEA,SUR,4648889.66,2658671.554387,1990218.105613,655,0.42810611805594023
2019-06,BEBIDAS,CENTRO,187466.1,74880.139911,112585.960089,69,0.6005670363281681
2019-06,BEBIDAS,NORTE,2268611.5,906158.214865,1362453.285135,835,0.6005670363281681
2019-06,BEBIDAS,SUR,2086579.2,833448.513792,1253130.686208,768,0.6005670363281681
2019-06,CARNICA,CENTRO,284012.73,138284.948805,145727.781195,128,0.5131029908236859
2019-06,CARNICA,NORTE,5992384.3,3054378.96303,2938005.33697,2834,0.4902898729258736
2019-06,CARNICA,SUR,4688841.2,2414220.543644,2274620.656356,2241,0.48511360469106946
2019-06,LACTEA,CENTRO,1541397.22,940393.743957,601003.476043,221,0.389908239255161
2019-06,LACTEA,NORTE,40089372.96,25329835.485757,14759537.474243002,5771,0.3681658350947428
2019-06,LACTEA,SUR,29442824.5,19175392.543612,10267431.956388,4468,0.34872442201963333
2019-07,BEBIDAS,NORTE,4931173.5,1969673.245485,2961500.254515,1815,0.6005670363281682
2019-07,CARNICA,NORTE,10934806.97,5542396.086697,5392410.883303,5142,0.49314184494497754
2019-07,LACTEA,NORTE,69403304.68,44606046.677896,24797258.002104003,10603,0.35729217962224563
2019-08,BEBIDAS,NORTE,1996921.5,797636.272965,1199285.227035,735,0.6005670363281681
2019-08,BEBIDAS,SUR,3320051.8000000003,1326138.130018,1993913.669982,1222,0.6005670363281681
2019-08,CARNICA,NORTE,4643193.67,2398587.242678,2244606.427322,2225,0.4834186525159524
2019-08,CARNICA,SUR,7430701.3,3713945.699146,3716755.6008539996,3444,0.5001890737895762
2019-08,LACTEA,NORTE,28124896.7,17612632.551329,10512264.148671001,4132,0.37377076477123566
2019-08,LACTEA,SUR,49399985.78,30783737.472639002,18616248.307361003,7410,0.37684724020503557
2019-09,BEBIDAS,CENTRO,1046006.5000000001,417809.476315,628197.023685,385,0.6005670363281681
2019-09,BEBIDAS,SUR,5819599.8,2324539.995498,3495059.804502,2142,0.6005670363281682
2019-09,CARNICA,CENTRO,1970111.1199999999,1018794.599611,951316.520389,945,0.4828745499335083
2019-09,CARNICA,SUR,14345820.65,7170478.239459,7175342.410541,6648,0.5001695326883234
2019-09,LACTEA,CENTRO,11421658.64,7209854.883142,4211803.7568580005,1690,0.3687558777240781
2019-09,LACTEA,SUR,95041832.48,59695316.821711004,35346515.658289,13871,0.37190482060336005
2019-10,BEBIDAS,CENTRO,7633570.5600000005,3609489.35368,4024081.20632,3294,0.5271558276288468
2019-10,CARNICA,CENTRO,18735909.28,10402109.998143,8333799.281857,9536,0.44480356716677055
2019-10,HELADO,CENTRO,3942426.361535244,1609778.027936,2332648.3335992442,1473,0.5916783522852849
2019-10,LACTEA,CENTRO,118607583.31882821,75218165.311928,43389418.006900206,16946,0.36582330398103985
2019-11,BEBIDAS,CENTRO,3844063.1,2100536.973604,1743526.126396,1898,0.45356334717710534
2019-11,BEBIDAS,SUR,64923.38,35637.302273,29286.077727,32,0.45108676915773643
2019-11,CARNICA,CENTRO,11925965.72,7403618.393747,4522347.326253001,6708,0.37920177136422295
2019-11,CARNICA,SUR,1106785.54,696661.73754,410123.80246000004,631,0.3705539941007903
2019-11,HELADO,CENTRO,4995697.93178178,2035371.863562,2960326.0682197805,1853,0.5925750733219256
2019-11,HELADO,SUR,110836.81885044,43126.323642,67710.49520844,39,0.6109025494480005
2019-11,LACTEA,CENTRO,75298186.5937114,48714684.137179,26583502.456532404,10376,0.35304306330735125
2019-11,LACTEA,SUR,1006439.0329578001,685558.947484,320880.0854738001,158,0.3188271469666405
2019-12,BEBIDAS,NORTE,1875783.86,1043336.990216,832446.869784,943,0.44378613524481436
2019-12,BEBIDAS,SUR,858381.0,456654.27620200004,401726.723798,412,0.46800514433334384
2019-12,CARNICA,NORTE,10267759.26,6302560.773168,3965198.4868320003,5708,0.3861795340565864
2019-12,CARNICA,SUR,4738229.47,2922448.920727,1815780.549273,2649,0.3832192089407186
2019-12,HELADO,NORTE,3521251.284736188,1484026.159223,2037225.1255131883,1344,0.5785514752508829
2019-12,HELADO,SUR,1711838.1992763842,697889.031887,1013949.1673893841,635,0.5923160073294271
2019-12,LACTEA,NORTE,44749337.3651658,28509256.195915,16240081.169250801,6112,0.3629122155871867
2019-12,LACTEA,SUR,29038663.485118702,18825715.117254,10212948.3678647,3935,0.35170173631091795
2020-01,BEBIDAS,NORTE,4426148.0600000005,2218482.301606,2207665.758394,2006,0.4987781087454178
2020-01,CARNICA,NORTE,10354598.19,6287098.398444,4067499.7915560002,5701,0.3928206306918029
2020-01,HELADO,NORTE,5035702.806261948,2025218.664959,3010484.141302949,1848,0.5978280008024661
2020-01,LACTEA,NORTE,70958407.77081434,46709827.699567,24248580.071247343,9790,0.34172948397555425
2020-02,BEBIDAS,SUR,3409645.89,1878518.638023,1531127.2519770002,1697,0.4490575565244402
2020-02,CARNICA,SUR,11661686.36,7169692.485705,4491993.874295,6501,0.3851924786540907
2020-02,HELADO,NORTE,56828.40602440201,22677.327202,34151.07882240201,21,0.600950848555168
2020-02,HELADO,SUR,4902813.3634296125,1984597.2912639999,2918216.0721656126,1818,0.5952125556997063
2020-02,LACTEA,NORTE,28100.0,11678.852312,16421.147687999997,3,0.5843824799999999
2020-02,LACTEA,SUR,74598331.42813282,49216145.602564,25382185.82556882,10236,0.3402513881965541
2020-03,BEBIDAS,CENTRO,3411731.2800000003,1721959.722843,1689771.557157,1556,0.495282722605574
2020-03,BEBIDAS,SUR,1457054.04,810350.311635,646703.728365,733,0.443843337728915
2020-03,CARNICA,CENTRO,6932200.11,4181472.207296,2750727.902704,3794,0.39680445732314557
2020-03,CARNICA,SUR,5090686.87,3160155.934362,1930530.935638,2864,0.3792279872908388
2020-03,HELADO,CENTRO,3789740.5382194743,1530924.699279,2258815.838940474,1399,0.5960344293126011
2020-03,HELADO,SUR,2617068.5151669723,1044846.4932179999,1572222.0219489723,945,0.6007569205151905
2020-03,LACTEA,CENTRO,54420907.26658769,35943780.343596,18477126.922991693,7501,0.33952258150491965
2020-03,LACTEA,SUR,28570186.75857098,18304986.38707,10265200.37150098,3881,0.35929762931708686
2020-04,BEBIDAS,CENTRO,4364050.09,2328620.4601290002,2035429.629871,2108,0.4664084022626331
2020-04,CARNICA,CENTRO,15492466.1,9429708.767576,6062757.332424,8555,0.3913358462939609
2020-04,HELADO,CENTRO,5145497.709463429,2061631.604385,3083866.1050784285,1883,0.5993329079530411
2020-04,LACTEA,CENTRO,95977518.3370537,62835629.117065,33141889.219988704,13045,0.3453088785188326
2020-05,BEBIDAS,CENTRO,573784.26,316562.410973,257221.84902700002,287,0.44829017970447643
2020-05,BEBIDAS,NORTE,5559835.49,2755303.886146,2804531.603854,2486,0.5044270840204302
2020-05,BEBIDAS,SUR,1251578.61,654146.029431,597432.580569,592,0.4773432334138404
2020-05,CARNICA,CENTRO,3761682.81,2316007.026194,1445675.7838060001,2098,0.384316237393232
2020-05,CARNICA,NORTE,5277022.25,3145345.365781,2131676.884219,2852,0.4039544999490954
2020-05,CARNICA,SUR,5003845.43,3139767.963686,1864077.466314,2841,0.37252898643473886
2020-05,HELADO,CENTRO,1896933.256308396,752414.35118,1144518.905128396,688,0.603352227244797
2020-05,HELADO,NORTE,2860143.3445977364,1142095.170171,1718048.1744267363,1036,0.6006860382266507
2020-05,HELADO,SUR,1336260.16761651,541932.68372,794327.4838965101,494,0.5944407407678354
2020-05,LACTEA,CENTRO,15045548.000320481,9859428.574474,5186119.425846481,2043,0.3446946183506252
2020-05,LACTEA,NORTE,91438501.58011454,59058246.100094,32380255.48002054,12689,0.35412058291058424
2020-05,LACTEA,SUR,26485234.50702585,17134382.19397,9350852.31305585,3605,0.35305907186041
2020-06,BEBIDAS,NORTE,4558476.36,2271208.8687340003,2287267.491266,2051,0.5017614024142927
2020-06,BEBIDAS,SUR,2159465.7399999998,1124162.241938,1035303.4980619999,1011,0.47942575743850424
2020-06,CARNICA,NORTE,3152886.17,1548280.506591,1604605.663409,1436,0.5089323168964898
2020-06,CARNICA,SUR,2196576.62,1082356.5349960001,1114220.085004,1004,0.5072530021757219
2020-06,LACTEA,NORTE,81922278.89,50140098.291025996,31782180.598974,11416,0.3879552794380767
2020-06,LACTEA,SUR,38329463.98,23394339.261703,14935124.718297001,5555,0.38965128043768177
2020-07,BEBIDAS,CENTRO,1340206.44,691762.409018,648444.0309819999,622,0.4838389158777658
2020-07,BEBIDAS,SUR,6257082.66,3098177.3439430003,3158905.316057,2799,0.5048527385215972
2020-07,CARNICA,CENTRO,1349362.47,687849.32035,661513.14965,639,0.4902412541902103
2020-07,CARNICA,SUR,5822926.07,2828296.970197,2994629.099803,2622,0.5142825211591601
2020-07,LACTEA,CENTRO,25594664.61,15862197.221886,9732467.388114,3621,0.38025375743003337
2020-07,LACTEA,SUR,102509846.7,61760344.625069,40749502.074931,14256,0.3975179300988166
2020-08,BEBIDAS,CENTRO,11767461.48,4729126.05581,7038335.42419,4344,0.5981184162915993
2020-08,CARNICA,CENTRO,8120221.23,4499804.305209,3620416.924791,4172,0.4458520060285352
2020-08,LACTEA,CENTRO,94531185.08,56035766.60185,38495418.47815,13888,0.4072245412513557
2020-09,BEBIDAS,CENTRO,1322399.52,1161614.35653,160785.1634699999,1002,0.1215859209250166
2020-09,CARNICA,CENTRO,8013246.0,5207672.845535,2805573.154465,4696,0.3501169381877207
2020-09,HELADO,CENTRO,1526709.8320110003,613411.68952,913298.1424910002,574,0.5982133103105737
2020-09,HELADO,SUR,6185627.013078,2471932.271857,3713694.741221,2225,0.6003748259261831
2020-09,LACTEA,CENTRO,79532784.76,43100958.279216,36431826.480784,11277,0.4580730649721562
2020-09,LACTEA,SUR,25549727.220000003,14759465.043561,10790262.176439,3937,0.4223239678266514
2020-10,BEBIDAS,NORTE,8947127.74,4503763.494791,4443364.245209001,4159,0.49662465702194175
2020-10,CARNICA,NORTE,8121284.38,4014701.445357,4106582.9346430004,3723,0.5056568324040145
2020-10,HELADO,NORTE,4376129.025497173,1824392.269044,2551736.756453173,1678,0.5831036383035506
2020-10,LACTEA,CENTRO,2748517.9,1978886.741568,769631.158432,282,0.28001678956938936
2020-10,LACTEA,NORTE,125694119.3762378,84506034.414199,41188084.96203879,17927,0.32768505930457487
2020-10,LACTEA,SUR,6376372.95,4145801.125064,2230571.824936,773,0.34981828108658547
2020-11,BEBIDAS,NORTE,1112853.0,427576.451086,685276.548914,394,0.6157835301823332
2020-11,BEBIDAS,SUR,5592510.0,2148734.44962,3443775.55038,1980,0.6157835301823331
2020-11,CARNICA,NORTE,3152934.7,1546237.3295780001,1606697.370422,1434,0.5095878993060021
2020-11,CARNICA,SUR,12653630.44,6190795.400485,6462835.039515,5739,0.5107494698979845
2020-11,LACTEA,NORTE,17021649.34,10874412.468198,6147236.871801999,2473,0.36114225766338104
2020-11,LACTEA,SUR,76391838.92,48298436.904698,28093402.015302,11271,0.3677539696972384
2020-12,BEBIDAS,CENTRO,2406474.0,924606.944988,1481867.055012,852,0.6157835301823331
2020-12,BEBIDAS,SUR,4284766.5,1646277.858623,2638488.641377,1517,0.6157835301823332
2020-12,CARNICA,CENTRO,6034150.140000001,2919788.658235,3114361.481765,2707,0.5161226369095615
2020-12,CARNICA,SUR,8320800.94,4102379.724435,4218421.215565,3805,0.5069729760372083
2020-12,LACTEA,CENTRO,34089137.96,21576475.638448,12512662.321552,4969,0.3670571645500184
2020-12,LACTEA,SUR,51113098.06,32583629.622548,18529468.437452,7658,0.3625189851669891
