mes,pais,venta_neta,venta_bruta,devoluciones,facturas,lineas
2010-12,Australia,937.6,965.35,27.75,4,34
2010-12,Austria,257.04,277.2,20.16,2,9
2010-12,Bahrain,205.74,205.74,0.0,1,1
2010-12,Belgium,1809.91,1809.91,0.0,5,95
2010-12,Channel Islands,363.53,363.53,0.0,1,17
2010-12,Cyprus,1587.07,1587.07,0.0,1,82
2010-12,Denmark,1281.5,1281.5,0.0,1,20
2010-12,EIRE,9029.95,10033.26,1003.3100000000001,22,403
2010-12,Finland,892.8,892.8,0.0,1,17
2010-12,France,9575.36,9616.31,40.95,24,439
2010-12,Germany,14527.44,15205.74,678.3,43,564
2010-12,Iceland,711.79,711.79,0.0,1,31
2010-12,Israel,-227.44,0.0,227.44,1,2
2010-12,Italy,794.5,811.5,17.0,3,41
2010-12,Japan,7705.07,7705.07,0.0,3,65
2010-12,Lithuania,1661.06,1661.06,0.0,4,35
2010-12,Netherlands,8784.48,8784.48,0.0,3,72
2010-12,Norway,3787.12,3787.12,0.0,2,147
2010-12,Poland,248.16,248.16,0.0,1,8
2010-12,Portugal,2380.12,2439.9700000000003,59.85,8,120
2010-12,Spain,1843.73,1843.73,0.0,4,75
2010-12,Sweden,2646.2999999999997,3834.2999999999997,1188.0,3,27
2010-12,Switzerland,1304.92,1304.92,0.0,2,49
2010-12,United Kingdom,674615.86,746082.22,71466.36,1885,39628
2011-01,Australia,9017.710000000001,9017.710000000001,0.0,9,127
2011-01,Bahrain,-205.74,0.0,205.74,1,1
2011-01,Belgium,1154.05,1200.2,46.15,6,63
2011-01,Channel Islands,645.08,675.58,30.5,2,32
2011-01,Cyprus,547.5,547.5,0.0,1,16
2011-01,EIRE,21656.52,21904.19,247.67,9,189
2011-01,Finland,889.02,889.02,0.0,2,11
2011-01,France,17503.07,17740.12,237.04999999999998,39,675
2011-01,Germany,16421.43,16880.84,459.40999999999997,40,825
2011-01,Greece,2661.24,2661.24,0.0,1,32
2011-01,Hong Kong,2230.96,2230.96,0.0,1,53
2011-01,Iceland,475.39,475.39,0.0,1,29
2011-01,Israel,379.84000000000003,379.84000000000003,0.0,1,14
2011-01,Italy,2361.36,2402.51,41.15,5,114
2011-01,Japan,-109.8,0.0,109.8,1,4
2011-01,Lebanon,1693.88,1693.88,0.0,1,45
2011-01,Netherlands,26611.16,26611.16,0.0,5,229
2011-01,Poland,613.22,613.22,0.0,1,25
2011-01,Portugal,3998.11,4055.71,57.6,5,122
2011-01,Singapore,2053.07,2053.07,0.0,1,56
2011-01,Spain,7178.54,10086.09,2907.5499999999997,11,385
2011-01,Sweden,3446.32,3486.32,40.0,3,35
2011-01,Switzerland,4231.23,4231.23,0.0,3,160
2011-01,United Kingdom,432995.4,559975.83,126980.43000000001,1327,31658
2011-02,Australia,14627.47,14695.42,67.95,6,91
2011-02,Austria,518.36,518.36,0.0,2,21
2011-02,Belgium,2161.32,2181.07,19.75,10,120
2011-02,Channel Islands,1784.71,1784.71,0.0,1,10
2011-02,Cyprus,4013.55,4334.24,320.69,7,157
2011-02,Czech Republic,549.26,549.26,0.0,1,15
2011-02,Denmark,399.22,399.22,0.0,1,20
2011-02,EIRE,9629.14,12203.74,2574.6,15,438
2011-02,Finland,205.16,205.16,0.0,1,12
2011-02,France,8438.91,8515.96,77.05,27,426
2011-02,Germany,8969.24,9581.05,611.81,31,350
2011-02,Israel,779.1,779.1,0.0,1,16
2011-02,Italy,251.5,256.0,4.5,2,14
2011-02,Japan,5780.8099999999995,5780.8099999999995,0.0,2,85
2011-02,Netherlands,22932.11,23011.91,79.8,7,191
2011-02,Norway,630.9,630.9,0.0,2,32
2011-02,Poland,604.0500000000001,604.0500000000001,0.0,2,28
2011-02,Portugal,1213.9,1213.9,0.0,2,57
2011-02,Saudi Arabia,145.92,145.92,0.0,1,9
2011-02,Spain,2093.7,2114.5,20.8,5,100
2011-02,Sweden,509.5,509.5,0.0,1,12
2011-02,Switzerland,2642.67,2654.92,12.25,6,103
2011-02,United Arab Emirates,889.24,889.24,0.0,1,30
2011-02,United Kingdom,407256.67,428986.62,21729.95,1259,25142
2011-03,Australia,17055.29,17223.99,168.7,4,110
2011-03,Austria,1708.1200000000001,1708.1200000000001,0.0,2,18
2011-03,Belgium,3333.58,3351.98,18.4,10,163
2011-03,Canada,140.54,140.54,0.0,1,10
2011-03,Channel Islands,3509.33,3509.33,0.0,3,182
2011-03,Cyprus,938.39,938.39,0.0,1,48
2011-03,Denmark,3978.9900000000002,3978.9900000000002,0.0,1,19
2011-03,EIRE,18783.23,22197.51,3414.28,28,565
2011-03,Finland,5924.62,5936.82,12.2,6,216
2011-03,France,14512.3,14584.95,72.64999999999999,28,548
2011-03,Germany,14170.02,14392.69,222.67,42,604
2011-03,Greece,387.31,387.31,0.0,1,22
2011-03,Hong Kong,0.0,2583.76,2583.76,2,2
2011-03,Italy,1778.91,1806.81,27.9,6,85
2011-03,Japan,-73.66,48.9,122.56,7,24
2011-03,Netherlands,22416.489999999998,22416.489999999998,0.0,8,189
2011-03,Norway,304.68,1265.31,960.63,7,33
2011-03,Poland,303.39,317.78,14.39,2,12
2011-03,Portugal,2660.85,2660.85,0.0,5,114
2011-03,Saudi Arabia,-14.75,0.0,14.75,1,1
2011-03,Spain,5326.65,5363.15,36.5,9,204
2011-03,Sweden,4540.58,4720.58,180.0,4,36
2011-03,Switzerland,1870.23,1870.23,0.0,3,58
2011-03,United Kingdom,558458.89,584810.78,26351.89,1802,33176
2011-04,Australia,333.4,771.6,438.2,4,20
2011-04,Austria,680.78,680.78,0.0,2,26
2011-04,Belgium,1954.15,1989.48,35.33,9,123
2011-04,Brazil,1143.6,1143.6,0.0,1,32
2011-04,Channel Islands,293.0,293.0,0.0,1,9
2011-04,Cyprus,-35.8,0.0,35.8,1,2
2011-04,Czech Republic,-57.51,0.0,57.51,1,2
2011-04,EIRE,7570.5,7570.5,0.0,11,306
2011-04,European Community,191.4,191.4,0.0,1,11
2011-04,Finland,1626.81,1688.92,62.11,5,43
2011-04,France,4195.21,5529.61,1334.3999999999999,20,233
2011-04,Germany,11963.37,12315.54,352.17,31,462
2011-04,Greece,609.74,609.74,0.0,1,31
2011-04,Hong Kong,1539.64,1539.64,0.0,1,32
2011-04,Iceland,636.25,636.25,0.0,1,24
2011-04,Israel,110.0,110.0,0.0,1,6
2011-04,Italy,737.83,737.83,0.0,2,22
2011-04,Japan,4871.83,6548.5,1676.6699999999998,4,55
2011-04,Netherlands,2976.56,2976.56,0.0,3,24
2011-04,Poland,705.84,705.84,0.0,1,25
2011-04,Portugal,1687.75,1687.75,0.0,2,77
2011-04,Singapore,2118.74,8209.58,6090.84,5,62
2011-04,Spain,1785.65,1785.65,0.0,3,96
2011-04,Sweden,809.1,809.1,0.0,2,34
2011-04,Switzerland,1822.19,2076.94,254.75,7,83
2011-04,USA,383.95,383.95,0.0,1,22
2011-04,United Kingdom,441414.761,475677.631,34262.87,1622,27823
2011-04,Unspecified,299.1,299.1,0.0,1,16
2011-05,Australia,13628.51,13638.41,9.899999999999999,5,118
2011-05,Austria,1249.43,1249.43,0.0,2,51
2011-05,Bahrain,548.4,548.4,0.0,2,17
2011-05,Belgium,2727.0,2732.4,5.4,10,149
2011-05,Canada,534.24,534.24,0.0,1,1
2011-05,Channel Islands,903.79,1207.24,303.45,4,37
2011-05,Denmark,515.7,515.7,0.0,1,19
2011-05,EIRE,17916.31,18003.72,87.41,27,616
2011-05,France,17518.68,17606.48,87.8,43,727
2011-05,Germany,25554.85,25734.7,179.85,52,786
2011-05,Hong Kong,1966.16,1966.16,0.0,1,93
2011-05,Italy,587.45,587.45,0.0,1,23
2011-05,Japan,1351.45,1351.45,0.0,1,12
2011-05,Netherlands,29185.88,29185.88,0.0,11,215
2011-05,Poland,1522.37,1522.37,0.0,3,69
2011-05,Portugal,587.83,4202.2300000000005,3614.4,10,85
2011-05,Spain,3257.6,3257.6,0.0,4,105
2011-05,Sweden,2664.98,2681.98,17.0,5,21
2011-05,Switzerland,3567.21,3610.0099999999998,42.8,4,153
2011-05,United Kingdom,595250.39,638104.89,42854.5,1973,33427
2011-05,Unspecified,1055.8700000000001,1055.8700000000001,0.0,2,58
2011-06,Australia,25164.77,25187.77,23.0,5,171
2011-06,Austria,-24.2,0.0,24.2,1,2
2011-06,Belgium,4273.17,4274.82,1.65,12,231
2011-06,Canada,1171.46,1171.46,0.0,1,57
2011-06,Channel Islands,2060.0299999999997,2060.0299999999997,0.0,1,81
2011-06,Cyprus,1109.32,1109.32,0.0,1,47
2011-06,Denmark,3261.15,3261.15,0.0,3,106
2011-06,EIRE,20090.25,24863.61,4773.36,36,669
2011-06,European Community,423.55,432.05,8.5,3,21
2011-06,Finland,329.56,329.56,0.0,1,13
2011-06,France,15991.87,16348.41,356.54,34,610
2011-06,Germany,13053.27,13246.35,193.08,33,674
2011-06,Hong Kong,633.96,633.96,0.0,1,16
2011-06,Iceland,382.52,382.52,0.0,1,18
2011-06,Italy,162.27,202.07,39.8,3,13
2011-06,Japan,1607.04,1607.04,0.0,1,6
2011-06,Malta,850.41,863.16,12.75,3,47
2011-06,Netherlands,26843.09,26858.09,15.0,12,325
2011-06,Norway,5886.86,5886.86,0.0,4,166
2011-06,Poland,264.74,343.65000000000003,78.91,4,20
2011-06,Portugal,879.51,884.46,4.95,4,49
2011-06,Spain,3332.44,3333.21,0.77,9,182
2011-06,Sweden,832.0,832.0,0.0,3,35
2011-06,Switzerland,7882.2,7904.15,21.95,5,129
2011-06,United Kingdom,553330.21,618345.53,65015.32,1830,32912
2011-06,Unspecified,185.78,185.78,0.0,1,9
2011-07,Australia,4767.57,4964.38,196.81,9,217
2011-07,Austria,1191.95,1191.95,0.0,2,55
2011-07,Belgium,2473.62,2475.57,1.95,6,129
2011-07,Canada,1768.58,1768.58,0.0,2,78
2011-07,Denmark,376.24,376.24,0.0,1,17
2011-07,EIRE,42689.65,42738.85,49.2,31,716
2011-07,European Community,676.8000000000001,676.8000000000001,0.0,1,29
2011-07,Finland,2996.73,2996.73,0.0,3,83
2011-07,France,9888.99,10000.19,111.19999999999999,25,453
2011-07,Germany,15721.66,16440.98,719.32,43,787
2011-07,Greece,371.24,421.24,50.0,2,25
2011-07,Israel,1430.75,1430.75,0.0,1,27
2011-07,Italy,147.1,147.1,0.0,1,6
2011-07,Japan,3854.4,3854.4,0.0,2,39
2011-07,Netherlands,26.02,26.02,0.0,1,10
2011-07,Norway,890.0699999999999,890.0699999999999,0.0,1,49
2011-07,Poland,678.45,687.3,8.850000000000001,3,33
2011-07,Portugal,2287.85,2287.85,0.0,3,89
2011-07,Singapore,3949.32,3949.32,0.0,1,75
2011-07,Spain,7574.0199999999995,7620.7699999999995,46.75,10,179
2011-07,Sweden,6802.09,6802.09,0.0,3,54
2011-07,Switzerland,3768.7599999999998,3990.7599999999998,222.0,8,177
2011-07,United Kingdom,564406.021,600919.071,36513.05,1764,35722
2011-07,Unspecified,1419.11,1419.11,0.0,4,218
2011-08,Australia,22489.2,22489.2,0.0,2,107
2011-08,Austria,1516.08,1516.08,0.0,2,88
2011-08,Belgium,3536.12,3554.02,17.9,10,197
2011-08,Canada,51.56,51.56,0.0,1,5
2011-08,Channel Islands,4882.63,4886.88,4.25,6,140
2011-08,Denmark,78.6,213.15,134.54999999999998,2,19
2011-08,EIRE,12147.92,18344.2,6196.28,28,709
2011-08,Finland,1371.55,1376.5,4.95,4,62
2011-08,France,13789.26,13810.96,21.7,29,571
2011-08,Germany,19023.65,19220.77,197.12,48,820
2011-08,Hong Kong,2813.9500000000003,2813.9500000000003,0.0,2,49
2011-08,Iceland,584.91,584.91,0.0,1,22
2011-08,Israel,4873.81,4873.81,0.0,1,171
2011-08,Italy,1934.8,1990.95,56.15,7,101
2011-08,Japan,-49.79,0.0,49.79,1,8
2011-08,Malta,1103.25,1119.0,15.75,3,57
2011-08,Netherlands,39655.81,40327.81,672.0,10,284
2011-08,Norway,1984.46,2025.81,41.35,3,81
2011-08,Poland,401.8,401.8,0.0,2,17
2011-08,Portugal,1206.4,1221.4,15.0,2,42
2011-08,Spain,3325.91,3342.41,16.5,11,252
2011-08,Sweden,1380.46,1390.36,9.899999999999999,6,40
2011-08,Switzerland,4882.19,4969.89,87.7,8,277
2011-08,United Kingdom,559995.02,606784.93,46789.91,1544,30920
2011-08,Unspecified,531.03,531.03,0.0,2,23
2011-09,Australia,5031.7300000000005,5106.7300000000005,75.0,9,104
2011-09,Belgium,4197.82,4208.02,10.2,8,185
2011-09,Channel Islands,1321.65,1323.75,2.1,3,66
2011-09,Cyprus,196.35,196.35,0.0,1,1
2011-09,Denmark,4570.16,4570.16,0.0,3,46
2011-09,EIRE,42476.2,42923.7,447.5,51,1213
2011-09,Finland,1105.45,1105.45,0.0,4,33
2011-09,France,23198.87,23428.04,229.17,52,1055
2011-09,Germany,17708.56,18079.47,370.90999999999997,57,805
2011-09,Hong Kong,0.0,2653.95,2653.95,2,2
2011-09,Israel,423.73,423.73,0.0,1,27
2011-09,Italy,279.8,279.8,0.0,1,15
2011-09,Japan,112.08,112.08,0.0,1,4
2011-09,Netherlands,26937.26,26937.26,0.0,7,242
2011-09,Norway,8678.94,8678.94,0.0,6,202
2011-09,Poland,529.25,529.25,0.0,2,30
2011-09,Portugal,1433.22,1433.22,0.0,3,74
2011-09,Spain,5163.74,5189.24,25.5,9,244
2011-09,Sweden,4575.21,4575.21,0.0,3,38
2011-09,Switzerland,8254.96,8284.86,29.9,11,199
2011-09,United Arab Emirates,1013.04,1013.04,0.0,2,38
2011-09,United Kingdom,860104.362,895098.642,34994.28,2090,45173
2011-09,Unspecified,284.3,284.3,0.0,1,65
2011-10,Australia,17150.53,17150.53,0.0,4,114
2011-10,Austria,1043.78,1043.78,0.0,1,54
2011-10,Belgium,5651.38,5685.38,34.0,13,267
2011-10,Channel Islands,2623.32,2623.32,0.0,5,102
2011-10,Cyprus,4153.97,4350.32,196.35,5,161
2011-10,Czech Republic,277.48,277.48,0.0,1,10
2011-10,Denmark,1438.1100000000001,1490.76,52.65,5,29
2011-10,EIRE,23292.62,24302.920000000002,1010.3000000000001,37,928
2011-10,Finland,2804.12,2822.12,18.0,7,115
2011-10,France,25017.64,33471.05,8453.410000000002,43,892
2011-10,Germany,30604.27,31628.420000000002,1024.15,73,1321
2011-10,Hong Kong,723.57,734.52,10.95,3,35
2011-10,Iceland,1294.32,1294.32,0.0,1,47
2011-10,Israel,132.18,132.18,0.0,2,31
2011-10,Italy,3410.79,3489.69,78.9,9,169
2011-10,Japan,1948.0400000000002,1948.0400000000002,0.0,2,16
2011-10,Netherlands,40708.65,40708.65,0.0,15,278
2011-10,Norway,3687.23,3687.23,0.0,7,120
2011-10,Portugal,5562.18,6184.22,622.04,12,436
2011-10,RSA,1002.3100000000001,1002.3100000000001,0.0,1,58
2011-10,Singapore,999.26,7067.32,6068.0599999999995,3,36
2011-10,Spain,5078.65,8636.94,3558.29,11,323
2011-10,Sweden,5766.16,5766.16,0.0,3,47
2011-10,Switzerland,8019.53,8050.73,31.200000000000003,10,380
2011-10,USA,731.6899999999999,2311.2,1579.51,3,226
2011-10,United Kingdom,876246.45,935404.14,59157.69,2361,53774
2011-11,Australia,6805.99,7242.72,436.73,8,45
2011-11,Austria,1329.78,1329.78,0.0,2,70
2011-11,Belgium,6229.41,6315.76,86.35,15,249
2011-11,Channel Islands,1495.17,1514.77,19.599999999999998,4,75
2011-11,Cyprus,439.66,439.66,0.0,1,93
2011-11,Czech Republic,-61.51,0.0,61.51,2,3
2011-11,Denmark,2699.57,2699.57,0.0,2,83
2011-11,EIRE,30388.05,30713.43,325.38,53,1097
2011-11,Finland,2950.2400000000002,3070.2400000000002,120.0,10,76
2011-11,France,30638.12,31696.37,1058.25,76,1573
2011-11,Germany,25987.01,27967.68,1980.67,88,1142
2011-11,Hong Kong,0.0,326.1,326.1,2,2
2011-11,Italy,4243.75,4571.08,327.33,14,192
2011-11,Japan,8460.08,8460.08,0.0,2,32
2011-11,Malta,582.62,743.43,160.81,3,18
2011-11,Netherlands,25856.01,25874.01,18.0,16,226
2011-11,Norway,6527.5,6527.5,0.0,5,183
2011-11,Poland,1341.87,1361.23,19.36,3,74
2011-11,Portugal,2603.3,2603.3,0.0,10,143
2011-11,Spain,8523.97,8669.06,145.09,16,312
2011-11,Sweden,2612.71,2722.23,109.52,8,80
2011-11,Switzerland,8116.96,8118.96,2.0,7,226
2011-11,United Kingdom,1277409.79,1319934.07,42524.28,3113,77296
2011-11,Unspecified,965.75,965.75,0.0,2,53
2011-12,Austria,683.2,683.2,0.0,1,7
2011-12,Belgium,1409.43,1417.73,8.3,5,98
2011-12,Channel Islands,194.15,198.4,4.25,2,6
2011-12,Cyprus,-91.25,0.0,91.25,1,4
2011-12,Denmark,168.9,168.9,0.0,1,11
2011-12,EIRE,7323.04,7340.89,17.85,12,335
2011-12,Finland,1230.68,1232.76,2.08,4,14
2011-12,France,7048.83,7276.92,228.09,21,339
2011-12,Germany,7804.7,7984.17,179.47,22,340
2011-12,Greece,680.99,680.99,0.0,1,36
2011-12,Iceland,224.82,224.82,0.0,1,11
2011-12,Italy,200.45000000000002,200.45000000000002,0.0,1,8
2011-12,Japan,-116.92999999999999,0.0,116.92999999999999,1,8
2011-12,Malta,-30.81,0.0,30.81,1,5
2011-12,Netherlands,11728.02,11728.02,0.0,3,86
2011-12,Norway,2785.7,2785.7,0.0,3,73
2011-12,Portugal,2801.95,2808.19,6.24,5,102
2011-12,Spain,271.43,316.21,44.78,3,71
2011-12,Sweden,0.0,238.0,238.0,2,2
2011-12,USA,615.28,885.24,269.96,3,43
2011-12,United Kingdom,387768.48,591619.74,203851.26,922,23647
